URL,회사,지역,직책
일본근무: 【일본 전국】 소프트웨어 설계직 채용 (자동차·가전·반도체 제조장치 등) ※미경험자 & 한국 거주자 지원 가능의 전체 세부 정보,kedomo,대한민국, https://kr.indeed.com/pagead/clk?mo=r&ad=-6NYlbfkN0B-SzVzcMNp7ghL5RaydYiGdeqAJ2PCAvphAKLXS-AodfmP8wxXYep63CtD-TnzRd3IgIdsm0k8UEoy5_K4RUlU-cb77munH51Zdgg8RJlYf2jL3rGHsXYONqZKFGvhPpRPVQr8L4-3IJsZoL1aYpWkqfbzi83z4PfuPUXNk1C6p6Fj3k9WYVZnVnWeAmTiv7v051E3r0gQWHjzhbvV9nhCvk26z63N4wY3eJ-AI3VOb4y4CtSx9JIyFA-V6TjJrwk_IPHuEYApa2FhQ16hair5-Fbw2k0qCfyrOag556A1g2dfO8jbouokoiNrONaBB8eW-OMmKIEHgJfUDDvgUJpUqwB9tK5KW_HkMaRmiFaMtwACLj62D2ElAUjbVbgCJUyCGxpwXPo-OljsplFZ6tb3vuWgA3x1mWXz_6-DZEf0UT8TH83gGh9czSawUfKdZR8B9Bd0fENlDejNMuKXMaCroTP07HmjfQXfpLlw98vSwl8qJZyoZEaUGO-9fK988UmXBP8xwWYLXNrNe6mqzkdajChgStubKZi63m6fWrn9Ada6PZoDJrUhcZaSjkGxOmVwa9F-Xgs7eOY6w3SRFM7WRmKWjAZj7uxSC7tLfS-GXD7hKga8K0fKMgFxE9aHn9ZFNYY1bxt15gzLQT-kbm62L0lJZDr43FgjoMk2wKzPHbN2gtWhS0LMD_0gfY2ON1aWNTkETLjnyCZYldfaUDe-ror_Ce-NmfV-MADKyybWpPdpNGIHx1h0wZqmVXbpc9S5s-yuwf63sjArjMw6S2RFF_GsOBmPWYdOoWq96gSjAyFd-LtkyZHkvFPn1cBNl-xJBqvZwe1JZZqlt_NOyh8Jl48y8qz_W4nxiTa5E7QpGn8SUdHpYGqwf2eHQHYjuhjePxh4SoqJWNCK6B_DCALw3Jj6Vmkxj-7jzwdg7gE2rIiAGc0ll0KSiuKVZG3mqDGCQN8csAW1p8-g4IV_Vrb0fF4c-iPtm3_rFfEqrzAMGZtDhZMchGxhSFcLialydJaCIFiT4bI1xeNfcHc52_iqyXNT3Aq6O3bDBHIZ69hNSpETbMesURNj8fMjJ_pnYDxSdojBvtb23Yc7OmN9_6LKed4YY0zijxsOBjC8JzV9Jvc-uYcbAEpLI7zGasJVmrBgw17wog96fxO9Gb_Rb9WVv5qFHYZuAl2uOqnlmoOiks1EFLhxo3seHhRCa8-Zz1aTBg4qay5lakWGCzUD8ZyXob7AsAFmyqBwKsMSEZuMgWrzdV-Cm9rJOgBn3Uut-G3D6rk80W2bh3t42nAPfKAPF3Lw-Y6C2ynJyVS3WyzN-Q_kCDPmpWBQCqlm6xDdWI8=&xkcb=SoBd-_M3VSIHO_2cbh0LbzkdCdPP&p=0&fvj=1&vjs=3
한국제약바이오협회 인공지능(AI)신약개발지원센터의 전체 세부 정보,한국제약바이오협회,서울 서초구, https://kr.indeed.com/rc/clk?jk=1cba249a2537932a&fccid=4f24ccf025b836ae&vjs=3
Murex Collateral Workflow Resource의 전체 세부 정보,Luxoft,대한민국, https://kr.indeed.com/rc/clk?jk=7c1ec9e242cd20b5&fccid=4b841d912d46e4fd&vjs=3
AI 데이터 분석 기반의 디지털 마케팅 전문가의 전체 세부 정보,에스케이텔레콤,서울 중구, https://kr.indeed.com/rc/clk?jk=9f612630a7cf1bfd&fccid=ce2f0f28b40a5be8&vjs=3
머신러닝(Machine Learning) 엔지니어 - 미국계 기업의 전체 세부 정보,에스에프인촌,서울 서초구, https://kr.indeed.com/rc/clk?jk=8d5e0857ca1a9040&fccid=629bf66c8ed71fe3&vjs=3
백엔드 엔지니어 (Python/Javascript)의 전체 세부 정보,시스메틱,서울 영등포구, https://kr.indeed.com/rc/clk?jk=dc4b5e342e7ae6a0&fccid=6cc748c560420a2e&vjs=3
(주)누리기술 신입 및 경력 프로그래머 (C++  Python)의 전체 세부 정보,누리기술,대구 수성구, https://kr.indeed.com/rc/clk?jk=9fb1bf156c419110&fccid=6bb693f7d22f2adc&vjs=3
미래 인재 DB[신입]의 전체 세부 정보,현대자동차그룹,대한민국, https://kr.indeed.com/rc/clk?jk=48887cfdd68e6335&fccid=980d6ecc399a3373&vjs=3
Lighthouse 인턴 채용의 전체 세부 정보,삼정 KPMG,서울 강남구, https://kr.indeed.com/rc/clk?jk=577dd792f6217346&fccid=7651bf7c7525e8f6&vjs=3
Intern - Digitalization의 전체 세부 정보,United Nations Development Programme (UNDP),서울, https://kr.indeed.com/rc/clk?jk=001ee7d7dda71886&fccid=a9a8bf2e786e3726&vjs=3
Data Scientist (Data Analytics)의 전체 세부 정보,IBM,서울, https://kr.indeed.com/rc/clk?jk=7d7720e74f0a13a3&fccid=de71a49b535e21cb&vjs=3
DigitalBCG | GAMMA Senior Data Scientist의 전체 세부 정보,Boston Consulting Group,서울, https://kr.indeed.com/pagead/clk?mo=r&ad=-6NYlbfkN0DoP8nG612n6SaIo-6cBFZ4ajKscvbmOmjTSQxsFZrL9GCCvt0keq5zCI5jB2sD5HmOk6bBdE28lftUtaf23iDJrDAoI1nNE6KoHUWZH-mT8ohzioq5hLy-8sMiBMOXNZH7ubJJClH4kiMhYq5IoaCBGkVhxPMAp-1K0Vp6Nt7-GrnBaGw6DR9HXSBXBiRXBb83vC8FRTwdFKMwFOssaSWrPLgParfWpreQQVkimcA1KHuLs9w3qzJTxMkld97v_X9zSCScAT0f0AF37qowkJZMpDi5cv7ViEQwfIwsGDFt6eJdgqFkuJUEbtGxuhEyBPC8rpMQx-yE-xv_e1fqJ4zGVBjQYWJf-OPG7_kYitxzSB18sUnl0xRCLGcF8J8zDMyHJp847HEqNR4-lvHquks1auwrCyHj1n54fA7j7V3VUZFPLKE67dB_88tpKXSvyioxA2Ac7piIrp8NTiyY-IkAC3JwQcalZ1Svk8nOinhZPy3g_9u8D1KKj4ZqUDIQQ--89yAP1Cmlgn1PfTeWJUiihxilRVzxf4OzBOW-W7onK5tVgov8vEfQ7LNNqxnRB0izSuahCSZT7XakT00W-vcVISZdNMq4tdLpttXAuD6jwTeAS9g6LWMmcOFXMk4HkX-bJlzcUt69ePu60usW2NoFSzMnNWqvubRonTwl89qFzQzEKDb-Bhzm2A_13CgQgDiV3Mufesu6sfyyDTPTEloCCYQ4UngdRzWkZC5O6Ra1cq7h24QhG2CshXBFQdHtPTHGjwavEHIkLKeVXa-Mvqo-lVlAGpu5Y_xqmtj6qnSubBmFcOm6N1FQ62gYtFMHzCTJsLh5Arg1v0ZpfYZmR0bfsGjZS7YzSX7gBf5BKSCs9jXTS4KDBlBQWnR1WZcDazunXhNX2BwN9o9zNaCCnMbgQLzTqVDqbn_7vePCpy-RElXB7854TKiuGDF2tUcg5dqpJdMEfZWL5zpzvgb1w91pWuyeXnAZ5lwCOHwJIgt8u9OoC18Y_XcFCE16n-yJ42HJ13exrROA1Yno9fIPN8Bu_RT9HkqcmeWatjD5UKjUKmXelC8wP1hJcxtLHmxX2NXNEZoC1Jvb_Xau_4j8pc9lx-kztCbKDVteyPFU-27E0Q==&xkcb=SoCd-_M3VSIHO-Wcbh0BbzkdCdPP&p=11&fvj=0&vjs=3
Associate Consultant Intern의 전체 세부 정보,Mastercard,서울, https://kr.indeed.com/rc/clk?jk=acf53a07a0c4d06f&fccid=10b5c722d846df43&vjs=3
Software Engineer  People with Disabilities (장애인 채용)의 전체 세부 정보,Google,서울, https://kr.indeed.com/rc/clk?jk=ac64fda2e281b835&fccid=a5b4499d9e91a5c6&vjs=3
사이버보안 대응[매니저  책임매니저]의 전체 세부 정보,현대자동차그룹,대한민국, https://kr.indeed.com/rc/clk?jk=9517141f198fffa0&fccid=980d6ecc399a3373&vjs=3
DigitalBCG | GAMMA Senior Data Scientist의 전체 세부 정보,Boston Consulting Group,서울, https://kr.indeed.com/pagead/clk?mo=r&ad=-6NYlbfkN0DoP8nG612n6SaIo-6cBFZ4ajKscvbmOmjTSQxsFZrL9GCCvt0keq5zCI5jB2sD5HmOk6bBdE28lftUtaf23iDJrDAoI1nNE6KoHUWZH-mT8ohzioq5hLy-8sMiBMOXNZH7ubJJClH4kiMhYq5IoaCBGkVhxPMAp-0mBsC5NaNcjIL9UuYuMr2AoTcUexkM_-4jNyj80ZoEQ3GEyvy9gyZXBlkty65U0wFymIm2m2DmVmhl_--wit6A4sb-RKvCmanvSZrUKqGUWuSzVn74Z4bC3led5j2XD2uJ0bXXs7ZTOiLL48PpOHBAjQTZcb_7d9RNO40FHnKyhJcvmGWnJeweIjhJUnU9YxU7cfJzrq9RKoNPsf-TYBxRYDBvCQ36cpyQeF7sxo6yHWwHWXymqL3soeQi-n3XB4mZPhyZg9hYr1dUwwNF1-32RoWjlPTIT9I5tm6RjhMW1BxmdZ55tHA3G52hGY8LvslInGPy-7OCQEcBLkcgYpIH_PlJID_FnyaE0mMDGpGpELYlkAxG5wcCn4ovVTLq-WK1w6a93KFmdgJWqqmvPAGyN1Gxnc6SdLDwAEJxQzmUAkBxg5vgHYBs-YMgq8TvV5HRGQwIL7O1Oqyjznp6hllE_hLAJwlXgGYa1O8MMSMydasD5LbwWdUDfPU-F9N5M4xjb-xMUK806dBmjjmy5g2KSuUM88o2DpGFnv2qY1yb15OANnvFLmwlWX6VBycyzfBptjJgb2UfojolVyph5ImvB0AMif_QmFq7OnnMPnoDoePCytX385qM_9GbNUmp8e8m9YZv9rlN3pcUf2ZqSfDjR110eQeWpXWhjPZ8GNEoWIdK-G2ZrcDjQRgbMYeYO1iUUvpUToLrJBimYuKngzxv4YkJ_VR28S7HGo6SpmZk4d3nPIgQHQFNaxumcXQxi_JGaUrvq790nYuhP97u-vX-pkgYZhusijgN8QevK-89J_4R6cp5HQ_GNDc3oOvG982LjbXor6CGpjH8B2v0ts9iWxaKT8nUqEy6jEQlIRwb5Ato1ZrK2eaGL5R_Q8Hpakk27s4je2IYJ930t9_e91KjDbV9EMHbRBAb3jHbwI2eFzByg0WW735cTF5HkLY9kGC-PkNQLgbkOw==&xkcb=SoAr-_M3VSIG1T2cSp0LbzkdCdPP&p=0&fvj=0&vjs=3
한국필립모리스 2022년 상반기 수시의 전체 세부 정보,한국필립모리스㈜,서울 영등포구, https://kr.indeed.com/rc/clk?jk=44e9ac7f0f94e784&fccid=fb7e65f74b012d18&vjs=3
ESG Research Intern의 전체 세부 정보,MSCI Inc,서울, https://kr.indeed.com/rc/clk?jk=a18a5474042a4ed0&fccid=c1f583e22ebf0f6e&vjs=3
한국행동과학연구소 전산직의 전체 세부 정보,한국행동과학연구소,서울 강남구, https://kr.indeed.com/rc/clk?jk=a4fd1b3afc25a790&fccid=bfea989faf5bd4e4&vjs=3
Python Programmer의 전체 세부 정보,Mofac,서울 서초구, https://kr.indeed.com/rc/clk?jk=df21e3bb5d773616&fccid=6cddb172d498d15c&vjs=3
Diploma Student / Intern_Digital Labs_South Korea의 전체 세부 정보,SAP,서울, https://kr.indeed.com/rc/clk?jk=bae245229acbb59a&fccid=156c7820d1988640&vjs=3
Junior Data Scientist의 전체 세부 정보,Logistics Management Institute,서울, https://kr.indeed.com/rc/clk?jk=ffcab40699b79c6b&fccid=12626f295bf6a003&vjs=3
풀스택 개발자 (python  javascript  php  gis)의 전체 세부 정보,한국해양기상기술,서울 구로구, https://kr.indeed.com/rc/clk?jk=0efbb31d10aed4bd&fccid=9a116f00e73f6791&vjs=3
Machine Learning Engineer Intern - Korea의 전체 세부 정보,MOLOCO,서울, https://kr.indeed.com/rc/clk?jk=69d3cc2cca262747&fccid=27317bcae2b26fe5&vjs=3
S/W 개발자(신입) (C# / Python 등)의 전체 세부 정보,아디아랩,부산 해운대구, https://kr.indeed.com/rc/clk?jk=9318aabcacb1323d&fccid=0f73b8e9c6b3277f&vjs=3
[포티투마루] 인공지능(AI) 개발자 전 부문의 전체 세부 정보,포티투마루,서울 서초구, https://kr.indeed.com/rc/clk?jk=22ffe020e40de675&fccid=b6cebf2e7d619f07&vjs=3
AI Software Developer - Work in Sweden의 전체 세부 정보,Iknal Semikan,서울, https://kr.indeed.com/rc/clk?jk=e5ba9badbe75af93&fccid=1c1f99bc5683e9f2&vjs=3
Software Engineer  Intern  Corp Engineering의 전체 세부 정보,버킷플레이스,서울 서초구, https://kr.indeed.com/rc/clk?jk=9b49ccc76af9c633&fccid=b55bf4f67c7fe92c&vjs=3
[ICT] Data Scientist - 자연어처리[매니저]의 전체 세부 정보,현대자동차그룹,대한민국, https://kr.indeed.com/rc/clk?jk=cf99a4662ad1c936&fccid=980d6ecc399a3373&vjs=3
기술 인턴 인공지능 응용 연구/개발 인턴의 전체 세부 정보,써로마인드로보틱스,서울 관악구, https://kr.indeed.com/rc/clk?jk=71c47ac87bb4087e&fccid=230e414668234579&vjs=3
[외국계 스타트업 미소] Business Analyst Intern (정규직 전환형)의 전체 세부 정보,유한회사 미소,서울, https://kr.indeed.com/rc/clk?jk=4c25d6649f8434a8&fccid=02936474a8d39137&vjs=3
레드팀 스페셜리스트[경력]의 전체 세부 정보,현대자동차그룹,서울 강남구, https://kr.indeed.com/rc/clk?jk=85cbd6cbf5702bf1&fccid=980d6ecc399a3373&vjs=3
パートナー テクノロジー マネージャー、YouTube Music(英語、韓国語)의 전체 세부 정보,YouTube,서울, https://kr.indeed.com/rc/clk?jk=528f8b1950e79383&fccid=a9021c35fcef6968&vjs=3
GAMMA Data Scientist의 전체 세부 정보,Boston Consulting Group,서울, https://kr.indeed.com/rc/clk?jk=454b092c4e6301f5&fccid=b95f9eb47968fa13&vjs=3
OpenCV/MATLAB/TensorFlow/Python/C/C++/Linux 알고리즘 엔지니어의 전체 세부 정보,더마미러,서울 서초구, https://kr.indeed.com/rc/clk?jk=4121d39504f34871&fccid=f401a9b533c97602&vjs=3
AI 비전엔지니어부문 인재의 전체 세부 정보,신세계아이앤씨,서울 중구, https://kr.indeed.com/rc/clk?jk=7fdb743a06f60d24&fccid=7009e9adee12ff99&vjs=3
데이터베이스개발자  웹개발 신입/경력 정규직의 전체 세부 정보,여의도사람들,서울 영등포구, https://kr.indeed.com/rc/clk?jk=e91b5984e7f5d3fd&fccid=298f56956b7c691f&vjs=3
Korean Speaking Mentors (Independent Contractor): AI Programming with Python Mentor & Project Reviewer의 전체 세부 정보,Udacity,서울, https://kr.indeed.com/rc/clk?jk=f0d5f3fa633e9016&fccid=1503f9b2e8718009&vjs=3
[글로벌디지털마케팅] 데이터 분석 신입/경력 정규직의 전체 세부 정보,콘센트릭스서비스코리아,서울 강남구, https://kr.indeed.com/rc/clk?jk=7d0b292ab58142e6&fccid=7789b87d5d996c4a&vjs=3
APP Developer의 전체 세부 정보,프론트로,서울, https://kr.indeed.com/company/%ED%94%84%EB%A1%A0%ED%8A%B8%EB%A1%9C/jobs/App-Developer-457ef6b379ed8384?fccid=faa09994fff68f89&vjs=3
[NHN Cloud] 보안관제 (김해 근무  신입)의 전체 세부 정보,NHN Cloud,부산, https://kr.indeed.com/company/nhn-cloud/jobs/-166afabd93ac2c83?fccid=38f6244dd1b9a5d6&vjs=3
Student Training in Engineering Program (STEP) 2022  People with Disabilities (장애인 채용)의 전체 세부 정보,Google,대한민국, https://kr.indeed.com/rc/clk?jk=f8fe6fe8d5e8f401&fccid=a5b4499d9e91a5c6&vjs=3
Python 서버 어플리케이션 개발자의 전체 세부 정보,바인테크,서울 송파구, https://kr.indeed.com/rc/clk?jk=8a7c4886df34e482&fccid=aef44811e748bebe&vjs=3
빅데이터  데이터분석 외 신입/경력 인턴의 전체 세부 정보,레드테이블,서울 중구, https://kr.indeed.com/rc/clk?jk=4ccea14b4d592c8b&fccid=ace798f3c93e0fc7&vjs=3
Software Engineer  Back-end - F&B 솔루션(Python)의 전체 세부 정보,야놀자,서울 강남구, https://kr.indeed.com/rc/clk?jk=df47669a72ea29f2&fccid=73fe623ec23ed0a5&vjs=3
Data Scientist의 전체 세부 정보,한국아이비엠,서울 영등포구, https://kr.indeed.com/rc/clk?jk=55d24724e542048c&fccid=6a140d57f361e18b&vjs=3
[NICE페이먼츠] 22년 신입/경력 상시의 전체 세부 정보,나이스페이먼츠,서울 마포구, https://kr.indeed.com/rc/clk?jk=a07969e108fd0445&fccid=6df96dee14918ee8&vjs=3
[양재역] AI/빅데이터 데이터분석(석 박사)의 전체 세부 정보,시니어앤파트너즈,서울 서초구, https://kr.indeed.com/rc/clk?jk=7bcc8fda038965e7&fccid=59060ddcdf96b101&vjs=3
[경력단절] 개발팀의 전체 세부 정보,키온비트,서울 강남구, https://kr.indeed.com/rc/clk?jk=947b072e4944e2cb&fccid=9a888c50ca3f400a&vjs=3
SW 개발 직군의 전체 세부 정보,한화그룹,서울, https://kr.indeed.com/rc/clk?jk=0553e798c340a866&fccid=bd0dc1817223394f&vjs=3
Software Engineer (Junior  Embedded)의 전체 세부 정보,BOEING,서울, https://kr.indeed.com/rc/clk?jk=a3decfd5d0ec6159&fccid=edae4285faf6c2f0&vjs=3
[신입/경력] 웹  서버 어플리캐이션 개발자의 전체 세부 정보,포인트아이,서울 강남구, https://kr.indeed.com/rc/clk?jk=cbb38440f04b2e1c&fccid=da880234aa818777&vjs=3
임상 통계 연구원의 전체 세부 정보,뉴로핏,서울 강남구, https://kr.indeed.com/rc/clk?jk=65600af2591a30eb&fccid=23cbc8f59060f439&vjs=3
Customer Solutions Engineer  Global Client and Agency Solutions의 전체 세부 정보,Google,서울, https://kr.indeed.com/rc/clk?jk=fb8f5764cdbe3c39&fccid=a5b4499d9e91a5c6&vjs=3
현대모비스 채용연계형 SW아카데미 2기 교육생 모집[신입/ 경력]의 전체 세부 정보,현대자동차그룹,대한민국, https://kr.indeed.com/rc/clk?jk=c8f166e4f69b253a&fccid=980d6ecc399a3373&vjs=3
[글로벌디지털마케팅] Python Backend Engineer 정규직의 전체 세부 정보,콘센트릭스서비스코리아,서울 용산구, https://kr.indeed.com/rc/clk?jk=67def202b8c35365&fccid=7789b87d5d996c4a&vjs=3
[데브시스터즈] DevOps Engineer (신입)의 전체 세부 정보,데브시스터즈,서울 강남구, https://kr.indeed.com/rc/clk?jk=3058f7280a2e6644&fccid=58a9a803698a0afd&vjs=3
개발 QA 채용 연계형 인턴의 전체 세부 정보,주식회사 메드고,서울, https://kr.indeed.com/company/%EC%A3%BC%EC%8B%9D%ED%9A%8C%EC%82%AC-%EB%A9%94%EB%93%9C%EA%B3%A0/jobs/%EA%B0%9C%EB%B0%9C-QA-%EC%97%B0%EA%B3%84%ED%98%95-%EC%9D%B8%ED%84%B4-8393ab473ffbae7c?fccid=846826ff65cb5294&vjs=3
Application Engineer의 전체 세부 정보,ROHDE & SCHWARZ GmbH & Co. KG,서울, https://kr.indeed.com/rc/clk?jk=4da03a577ede74f8&fccid=b5c03f369c8d2b82&vjs=3
Cloud Engineer의 전체 세부 정보,여기어때컴퍼니,서울 강남구, https://kr.indeed.com/rc/clk?jk=ebb3aa8dafe6539b&fccid=f37025d91bdbf80c&vjs=3
English Data Linguist for AI Startup의 전체 세부 정보,MIND AI INC,서울 중구, https://kr.indeed.com/company/JNP-LAB/jobs/English-Data-Linguist-Ai-Startup-6838a87dfaacc92f?fccid=5cde252d550394d2&vjs=3
AI Researcher의 전체 세부 정보,크래프트테크놀로지스,서울 영등포구, https://kr.indeed.com/rc/clk?jk=43dd12c5e6492b5e&fccid=2775f62c77fd9b9e&vjs=3
C#  소프트웨어 or Python 기반 응용 S/W 개발 신입/경력의 전체 세부 정보,제스엔지니어링,서울 금천구, https://kr.indeed.com/rc/clk?jk=de447d257e25bd93&fccid=0f2f8141103a3f4e&vjs=3
파이썬(python) 백엔드 개발자 (전문연구요원 가능)의 전체 세부 정보,아토머스,서울 강남구, https://kr.indeed.com/rc/clk?jk=240326a26bd13bf2&fccid=660bbb21789ab63d&vjs=3
Analyst CORE/SRE의 전체 세부 정보,M-DAQ,서울, https://kr.indeed.com/rc/clk?jk=70e2ddbf06317d2c&fccid=1dc02d2a120596f1&vjs=3
[PPM솔루션 클로바인] 연구소 IT 테크 직군 운영관리 개발자의 전체 세부 정보,헤븐트리,대구 수성구, https://kr.indeed.com/rc/clk?jk=6916bd41820052e9&fccid=81880cb2b512246a&vjs=3
Business Analyst (데이터 분석가)의 전체 세부 정보,힐링페이퍼,서울 강남구, https://kr.indeed.com/rc/clk?jk=c78633471307d0dc&fccid=674cf8ae9dea63c2&vjs=3
스마트팩토리/MES/인프라[경력]의 전체 세부 정보,현대자동차그룹,서울 강남구, https://kr.indeed.com/rc/clk?jk=3b1fd1e7d2a42224&fccid=980d6ecc399a3373&vjs=3
금융리스크관리 및 빅데이터 분석 연구원 채용의 전체 세부 정보,(주)케이플러스,서울, https://kr.indeed.com/rc/clk?cmp=%E3%88%9C%EC%BC%80%EC%9D%B4%ED%94%8C%EB%9F%AC%EC%8A%A4&ti=%EA%B8%88%EC%9C%B5%EB%A6%AC%EC%8A%A4%ED%81%AC%EA%B4%80%EB%A6%AC+%EB%B0%8F+%EB%B9%85%EB%8D%B0%EC%9D%B4%ED%84%B0+%EB%B6%84%EC%84%9D+%EC%97%B0%EA%B5%AC%EC%9B%90&jk=b00d3e3dbf07d1cc&fccid=74dee7761d421fb1&vjs=3
신입 및 경력직원의 전체 세부 정보,한국자산평가,대한민국, https://kr.indeed.com/rc/clk?jk=95b843fcb9d29469&fccid=413114278f3d6174&vjs=3
[데브시스터즈] Data Analyst (Junior)의 전체 세부 정보,데브시스터즈,서울 강남구, https://kr.indeed.com/rc/clk?jk=ed5cc140dc878d55&fccid=58a9a803698a0afd&vjs=3
DGIST 계약직 연구원 및 일반직원 초빙 공고의 전체 세부 정보,대구경북과학기술원,대구 현풍면, https://kr.indeed.com/rc/clk?jk=65da831cb9d5a6b5&fccid=a0e87e3780944019&vjs=3
Senior Technology Consultant - ITOM의 전체 세부 정보,ServiceNow,서울, https://kr.indeed.com/rc/clk?jk=634a9a3fe8137a3f&fccid=7442885bc0fa7c14&vjs=3
웹개발  백엔드 외 신입/경력 정규직의 전체 세부 정보,코인챗,서울 강남구, https://kr.indeed.com/rc/clk?jk=e3f3b7e2103d9bc7&fccid=e60f835b4d91f8e6&vjs=3
개발자 (연봉 4 000 ~ 5 000 협의)의 전체 세부 정보,볼트시뮬레이션,서울 서초구, https://kr.indeed.com/rc/clk?jk=61f60099aa6c9fc7&fccid=6661b32a113bc270&vjs=3
Python Developer,Lemon.io,Latin America Only/Europe Only/Canada Only,https://weworkremotely.com/remote-jobs/lemon-io-python-developer-3
Senior Open Source Developer & DevOps (Python  Django  React  AWS/OpenStack),OpenCraft,Anywhere in the World,https://weworkremotely.com/remote-jobs/opencraft-senior-open-source-developer-devops-python-django-react-aws-openstack
Sr Python Developer,Solar Monkey,Anywhere in the World,https://weworkremotely.com/remote-jobs/solar-monkey-sr-python-developer
Senior Python Engineer: Long-term job - 100% remote,Proxify AB,Anywhere in the World,https://weworkremotely.com/remote-jobs/proxify-ab-senior-python-engineer-long-term-job-100-remote
(Senior) Python Full Stack Software Developer,Optimile,Europe Only,https://weworkremotely.com/remote-jobs/optimile-senior-python-full-stack-software-developer
Senior Full-stack Engineer with Python,NannyML,Anywhere in the World,https://weworkremotely.com/remote-jobs/nannyml-senior-full-stack-engineer-with-python
Senior Software Engineer  Python,AssemblyAI (YC 17),Anywhere in the World,https://weworkremotely.com/remote-jobs/assemblyai-yc-17-senior-software-engineer-python
Senior Python Developer - Full Remote ,Ebury,Latin America Only/Europe Only,https://weworkremotely.com/remote-jobs/ebury-senior-python-developer-full-remote-1
Python Developer - Remote,UpStack Technologies  Inc.,Americas Only/Europe Only,https://weworkremotely.com/remote-jobs/upstack-technologies-inc-python-developer-remote
Python Developer,Ampcontrol,USA Only/North America Only/Latin America Only/Americas Only/Europe Only/UK Only/Canada Only,https://weworkremotely.com/remote-jobs/ampcontrol-python-developer
Python Platform Engineer,Doximity,Americas Only,https://weworkremotely.com/remote-jobs/doximity-python-platform-engineer
Software Engineer in Test – Python – Cyprus  Greece or Remote ,XM,Anywhere in the World,https://weworkremotely.com/remote-jobs/xm-software-engineer-in-test-python-cyprus-greece-or-remote
Senior QA Software Test Automation Engineer – Python – Cyprus  Greece  Remote ,XM,Anywhere in the World,https://weworkremotely.com/remote-jobs/xm-senior-qa-software-test-automation-engineer-python-cyprus-greece-remote-3
